"Seb the dungeon master of our savage worlds game that we're playing",
"losing your keys to a stealing fantasy race",
"giving a lame excuse not to join the savage worlds game","accidentally conjuring a raincloud indoors",
"being mistaken for a troll by local adventurers",
"having a staring contest with a basilisk",
"your pet dragon setting off the fire alarm",
"being turned into a gnome by a disgruntled witch",
"getting lost in a magical maze",
"having your fortune told by a sarcastic oracle",
"finding a unicorn in your rose garden",
"being cursed to dance the polka",
"fighting off a band of musical goblins",
"your alarm clock being replaced by a crowing rooster",
"being haunted by the ghost of a melodramatic actor",
"having to negotiate with a very stubborn magic carpet",
"getting a chain letter from a lonely ghost",
"your castle being taken over by a hoard of playful pixies",
"getting lost in a dwarf mine",
"having to help a banshee with her singing",
"being forced to join a centaur's running club",
"finding a troll living under your bed",
"having to wrestle a grumpy ogre",
"your potions exploding in a rainbow of colors",
"having to help a mummy with its bandages",
"being pranked by a sneaky leprechaun",
"getting a visit from an enthusiastic door-to-door spellbook salesman",
"losing a riddle competition to a smug sphinx",
"getting a makeover from a fashion-conscious fairy",
"finding out your new broom is afraid of heights",
"being serenaded by a tone-deaf siren",
"having a family of gnomes move into your garden",
"having to take care of a baby kraken",
"finding a hobbit in your pantry",
"being ambushed by a group of rowdy pixies",
"getting a new pet that turns out to be a chameleon dragon",
"being chased by a swarm of bees conjured by a wizard",
"having your lunch stolen by a crafty griffin",
"having to save a group of clumsy adventurers",
"getting love letters from a lovestruck goblin",
"being recruited by a team of elf soccer players",
"finding out your new scarf is a magic carpet",
"being turned into a garden gnome",
"getting a ticket for speeding on a magic carpet",
"having your book club invaded by a group of literate trolls",
"being mistaken for a witch by a group of excitable villagers",
"having to return a library book to a ghost librarian",
"having to mediate a feud between two fairy kingdoms",
"finding a tree in your backyard that grows magical fruits",
"getting a haircut from a barber who is actually a giant spider",
"finding out your new teapot is actually a genie's lamp",
"being scolded by an owl for staying up too late",
"finding out your cat is actually a shapeshifter",
"being recruited to play in a troll's rock band",
"having your picnic ruined by a group of hungry goblins",
"being trapped in a painting by a mischievous spirit",
"having to play chess with a very competitive vampire",
"getting a bouquet of flowers from a secret admirer who is a ghost",
"finding out your mirror is a portal to another world",
"accidentally breaking a witch's favorite cauldron",
"finding a pair of dancing shoes that make you dance non-stop",
"being invited to a goblin's tea party",
"having to babysit a group of dragon hatchlings",
"finding out your hat is inhabited by a talkative spirit",
"discovering a secret room in your house filled with magical artifacts",
"getting a job offer from a ghost who wants a live-in companion",
"being asked to judge a werewolf's beauty contest",
"having to house-sit for a traveling wizard",
"finding a golden goose in your chicken coop",
"finding out your dog is a secret agent for a magical organization",
"getting stuck in a fairy ring",
"having to free a prince from a frog curse",
"finding a magical artifact that is actually a can opener",
"being targeted by a prankster poltergeist",
"getting turned into a teddy bear by a toddler witch",
"being challenged to a staring contest by a cyclops",
"finding a dragon nesting on your roof",
"getting bitten by a vampire mosquito",
"being asked to be a godparent to a fairy baby",
"having to save a prince from a tower",
"finding a griffon's nest in your chimney",
"having your garden invaded by plant-eating unicorns",
"being mistaken for a deity by a tribe of goblins",
"finding a magical sword that only wants to cut cheese",
"being mistaken for a ghost while wearing your white pajamas",
"having a mermaid in your swimming pool",
"getting a prank call from a bored banshee",
"finding out your favorite book is a favorite of a bookworm",
"having a cloud follow you and rain on you only",
"finding a pair of magical glasses that let you see fairies",
"being asked to lead a parade of fantasy creatures",
"having your clothes replaced by a fairy with questionable fashion sense",
"finding out your coat rack is a disguised treant",
"accidentally starting a food fight in a troll's tavern",
"having a dragon sneeze and set your garden on fire",
"getting a moonstone as a gift from a werewolf",
"discovering that your pet parrot is actually a phoenix",
"being asked to give a speech at a goblin's wedding",
"getting into an argument with a talking wardrobe",
"finding a jack-in-the-box that contains a real jester",
"having a picnic with a friendly giant",
"finding a map that leads to a hidden treasure in your backyard",
"being asked to pet sit a hydra",
"discovering your teddy bear is a cursed prince",
"being serenaded by a minstrel who only knows one song",
"having to rescue a princess from a dragon but the princess is the dragon",
"receiving a singing telegram from a tone-deaf dwarf",
"being kidnapped by a well-meaning but confused hero",
"finding a diary of a wizard who lived in your house centuries ago",
"discovering your flower garden attracts unicorns",
"getting stuck in a magical elevator with a nervous werewolf",
"finding out your old rocking horse is a retired unicorn",
"discovering that your shadow has a mind of its own",
"being invited to a ghost's birthday party",
"discovering that your potted plant is a baby ent",
"misplacing the treasure map",
"being stuck in a wizard's riddle",
"getting lost in the enchanted forest",
"having to chase a pack of goblins who stole your socks",
"your pet griffon suddenly developing a fear of heights",
"being cursed by a vindictive fairy",
"accidentally drinking a potion of eternal sleep",
"your dragon egg hatching unexpectedly",
"falling into a pit trap set by amateur adventurers",
"your magical sword deciding to go on strike",
"being tricked by a clever mimic",
"getting tangled in a spider's web of lies",
"discovering your basement has become a dungeon",
"fighting a laundry golem",
"winning a year's supply of goblin-made cheese",
"a squirrel mage casting a transformation spell on you",
"accidentally teleporting into a stranger's bathroom",
"having a potion mix-up and growing an extra nose",
"your mount being afraid of mud puddles","mispronouncing a spell and causing a snowstorm in summer","forgetting the password to the magical door","being chased by a disgruntled unicorn","finding out your cat is a shapeshifting wizard","getting your foot stuck in a mimic disguised as a boot","getting a pixie haircut from mischievous sprites","your quest log accidentally being deleted","having to babysit a group of baby wyverns","a talking tree that won't stop telling puns","your house being haunted by a ghost bard","receiving a large shipment of dragon dung","running out of anti-zombie repellent","your magic carpet having a flat tire","a rock giant mistaking you for its baby","having a terrible allergic reaction to pixie dust","your magical ring leading you to the fridge instead of Mordor","your invisibility cloak only working on your clothes","an ogre eating all your adventuring snacks","a leprechaun outsmarting you in a game of riddles","being mistaken for a legendary hero","winning a beauty contest in an orc village","getting trapped in a genie's lamp","being called for jury duty in the Fairy Court","running a marathon against a centaur","accidentally summoning a horde of mini dragons","the king's jester using you as a joke's punchline","being haunted by a ghost who can't stop singing","your new pair of magical boots having a mind of their own","having to give a dragon a dental check-up","participating in a gnome's science experiment","unleashing a flood by opening a potion bottle","getting into an argument with a talking door","becoming the chosen one for a prophecy you didn't sign up for","having a raven deliver all your emails","a gorgon opening a hair salon in your town","getting locked out of your castle","falling into a rabbit hole and ending up in Wonderland","a local witch turning your coffee into a frog","having a bad hair day due to a hair-rising spell","finding a troll under your bed","being cursed to speak only in rhymes","participating in a magical baking contest","getting stuck in a time loop on a Monday","finding out you're on the naughty list of the Christmas Elf","having to help a clumsy wizard collect his lost spell ingredients","an enchanted book reading itself out loud","a goblin raid on your cookie jar","trying to convince a stubborn magic carpet to fly","having to teach etiquette to a group of orcs","a singing frog chorus keeping you up all night","a magical mirror that criticizes your fashion sense","discovering that your best friend is a were-hamster","your familiar developing a sudden love for opera","finding out your new wand was a prank by a trickster fairy","having a tea party with a mad hatter","having to find a missing royal corgi in a haunted forest","a garden gnome causing chaos in your vegetable patch","being pickpocketed by a mischievous wind spirit","realizing the princess you were supposed to save is a professional wrestler","finding out your horse is a mythical kelpie","being caught in a pixie prank war","discovering that your pet rabbit is a moon goddess","being mistaken for a famous bard and asked to perform","finding a baby phoenix in your kitchen","being challenged to a duel by a knight with terrible aim","a dwarf blacksmith using your car as a forge","getting a prophecy from a drunk oracle","having a garden gnome rebellion in your front yard","your spellbook being stolen by a bookworm","finding out your gardener is a treant","a potion seller refusing to sell you potions because you can't handle them","your magical lute attracting dancing goblins","finding a gnome city in your walls","a stubborn phoenix refusing to rise from the ashes","being turned into a frog by an apprentice witch","having to help a homesick mermaid","finding a werewolf in your pantry","being pranked by an invisible imp","accidentally breaking a witch's broom","finding out your roommate is a poltergeist","your neighbor's gnome army declaring war on your lawn flamingos","a goblin stealing your identity","getting a magical makeover from a bored fairy","a bard writing a catchy song about your embarrassing moment","finding a portal to another world in your closet"